{
  "best_epoch": 150,
  "best_val_loss": 17.458435525481995,
  "validation": {
    "loss": 17.458435525481995,
    "data_loss": 17.287725412365933,
    "physics_loss": 17.071028925445148,
    "rmse_degC": 2.184595090529883,
    "mae_degC": 1.5495096254988328,
    "rollout_rmse_degC": 38.65160469683024,
    "rollout_mae_degC": 38.55156673214764
  },
  "test": {
    "loss": 25.988969197394063,
    "data_loss": 25.86281965457558,
    "physics_loss": 12.614990289804656,
    "rmse_degC": 2.6720216339373986,
    "mae_degC": 2.2144800082878042,
    "rollout_rmse_degC": 27.708880389654833,
    "rollout_mae_degC": 23.764903342998377
  },
  "normalization": {
    "feature_mean": [
      21.000798089351004,
      3.540007313572885,
      38.39372760095099,
      1369.3670890566484,
      -0.28077457982899945,
      9.747113149059732e-05,
      -0.001487122091264684,
      0.4764365021022874,
      0.7911015464680248
    ],
    "feature_std": [
      0.526681626647286,
      3.188271546230286,
      75.9097739355409,
      677.9403341307685,
      176.2709251502717,
      0.7076289791022031,
      0.7065826256723486,
      0.3264478995458383,
      0.20149037575662213
    ],
    "target_mean": 21.001797370040666,
    "target_std": 0.5254144726978648
  },
  "physics_parameters": {
    "ua": 0.4842464029788971,
    "solar_gain": 0.029737219214439392,
    "hvac_gain": 0.25357675552368164,
    "capacity": 12.705263137817383
  }
}