{
  "best_epoch": 47,
  "best_val_loss": 0.00031064230193635214,
  "validation": {
    "loss": 0.00031064230193635214,
    "data_loss": 0.00026631292627830107,
    "physics_loss": 0.004432937822925085,
    "rmse_degC": 0.04641486696160409,
    "mae_degC": 0.03558680766030324,
    "rollout_rmse_degC": 0.3951156477126778,
    "rollout_mae_degC": 0.2703726389051158
  },
  "test": {
    "loss": 0.00029762162827475804,
    "data_loss": 0.00023428410650604538,
    "physics_loss": 0.006333752274115362,
    "rmse_degC": 0.04353438776672246,
    "mae_degC": 0.03405187713880771,
    "rollout_rmse_degC": 0.7362259683786097,
    "rollout_mae_degC": 0.6222816762841874
  },
  "normalization": {
    "feature_mean": [
      23.789199009911126,
      7.999187340476557,
      112.12673296290208,
      21.53806221404147,
      -0.0024146488420897696,
      0.0,
      9.747113149059732e-05,
      -0.001487122091264684,
      0.09157966708058153,
      -0.04059693056052551
    ],
    "feature_std": [
      2.8486257783397586,
      7.831747806857819,
      176.85642542904068,
      1.4144191613444521,
      1.9950260304549559,
      1.0,
      0.7076289791022031,
      0.7065826256723486,
      0.6592123647774081,
      0.7452543941038193
    ],
    "target_mean": 23.78797537758149,
    "target_std": 2.844205796434592
  },
  "physics_parameters": {
    "ua": 0.17946340143680573,
    "solar_gain": 0.06928345561027527,
    "hvac_gain": 0.5249207615852356,
    "capacity": 11.628514289855957
  },
  "loss_weighting": {
    "loss_weight_mode": "manual",
    "lambda_physics_eff": 0.01
  },
  "early_stopping": {
    "patience": 25,
    "min_delta": 1e-05,
    "min_epochs": 40
  },
  "rollout_training": {
    "enabled": false,
    "weight": 1.0,
    "horizon_steps": 24,
    "batch_size": 256,
    "max_windows_per_episode": 0
  }
}