{
  "best_epoch": 145,
  "best_val_loss": 0.005459885438418379,
  "validation": {
    "loss": 0.005459885438418379,
    "data_loss": 0.0053521932849463424,
    "physics_loss": 0.010769212528946637,
    "rmse_degC": 0.05136864034149701,
    "mae_degC": 0.039231955560948564,
    "rollout_rmse_degC": 0.6104928553614387,
    "rollout_mae_degC": 0.5001339169127642
  },
  "test": {
    "loss": 0.005429568905795111,
    "data_loss": 0.005334459212587816,
    "physics_loss": 0.009510970424853313,
    "rmse_degC": 0.05128346557905904,
    "mae_degC": 0.038432173863963824,
    "rollout_rmse_degC": 0.5988825949857569,
    "rollout_mae_degC": 0.44735763031332504
  },
  "normalization": {
    "feature_mean": [
      21.843616121762963,
      3.540007313572885,
      38.39372760095099,
      21.507775581562626,
      -0.0003408997414378809,
      9.747113149059732e-05,
      -0.001487122091264684,
      0.4764365021022874,
      0.7911015464680248
    ],
    "feature_std": [
      0.704301293491554,
      3.188271546230286,
      75.9097739355409,
      1.4501659211366453,
      2.0144254499873613,
      0.7076289791022031,
      0.7065826256723486,
      0.3264478995458383,
      0.20149037575662213
    ],
    "target_mean": 21.845728010489502,
    "target_std": 0.7021536830092444
  },
  "physics_parameters": {
    "ua": 0.19862473011016846,
    "solar_gain": 0.1189190074801445,
    "hvac_gain": 0.49280691146850586,
    "capacity": 11.89627742767334
  },
  "loss_weighting": {
    "loss_weight_mode": "manual",
    "lambda_physics_eff": 0.01
  }
}