{
  "best_epoch": 79,
  "best_val_loss": 0.0034334828526103637,
  "validation": {
    "loss": 0.0034334828526103637,
    "data_loss": 0.003213128162792227,
    "physics_loss": 0.002203546889853593,
    "rmse_degC": 0.06046623444051661,
    "mae_degC": 0.04387909396039391,
    "rollout_rmse_degC": 0.5141805697624942,
    "rollout_mae_degC": 0.41950468228294235
  },
  "test": {
    "loss": 0.005468138475554,
    "data_loss": 0.0051612088924493146,
    "physics_loss": 0.003069295784897114,
    "rmse_degC": 0.07663454892687467,
    "mae_degC": 0.06148904126731543,
    "rollout_rmse_degC": 0.465834941980398,
    "rollout_mae_degC": 0.3783385939072354
  },
  "normalization": {
    "feature_mean": [
      22.321900140664734,
      6.333297029594082,
      85.67928468211802,
      21.49702070733292,
      -0.00046427041298956315,
      9.74711314905974e-05,
      -0.0014871220912646933,
      0.3418515942111093,
      0.275204790903163
    ],
    "feature_std": [
      1.0698451351621145,
      5.071422926220265,
      158.55574173551784,
      1.4364919962876375,
      2.0454908135581396,
      0.7076289791022059,
      0.7065826256723631,
      0.40365412241859705,
      0.8027846286855183
    ],
    "target_mean": 22.324417895950155,
    "target_std": 1.0667161621167756
  },
  "physics_parameters": {
    "ua": 0.06362752616405487,
    "solar_gain": 0.8465100526809692,
    "hvac_gain": 1.2579714059829712,
    "capacity": 3.6470696926116943
  },
  "loss_weighting": {
    "loss_weight_mode": "manual",
    "lambda_physics_eff": 0.1
  }
}