{
  "best_epoch": 21,
  "best_val_loss": 0.04057827873737185,
  "validation": {
    "loss": 0.013176796025139919,
    "data_loss": 0.012949952453197203,
    "physics_loss": 0.02268436951937512,
    "rmse_degC": 0.12139001784800843,
    "mae_degC": 0.09190936948432298,
    "rollout_rmse_degC": 0.23014470642832954,
    "rollout_mae_degC": 0.18064390683319545
  },
  "test": {
    "loss": 0.016983301932583444,
    "data_loss": 0.016694033362981815,
    "physics_loss": 0.0289268702651678,
    "rmse_degC": 0.13782548377603723,
    "mae_degC": 0.11150745698840714,
    "rollout_rmse_degC": 0.26690942918569516,
    "rollout_mae_degC": 0.20966702839286483
  },
  "normalization": {
    "feature_mean": [
      22.321900140664734,
      6.333297029594082,
      85.67928468211802,
      21.49702070733292,
      -0.00046427041298956315,
      9.74711314905974e-05,
      -0.0014871220912646933,
      0.3418515942111093,
      0.275204790903163
    ],
    "feature_std": [
      1.0698451351621145,
      5.071422926220265,
      158.55574173551784,
      1.4364919962876375,
      2.0454908135581396,
      0.7076289791022059,
      0.7065826256723631,
      0.40365412241859705,
      0.8027846286855183
    ],
    "target_mean": 22.324417895950155,
    "target_std": 1.0667161621167756
  },
  "physics_parameters": {
    "ua": 0.19809706509113312,
    "solar_gain": 0.0690225139260292,
    "hvac_gain": 0.5822882652282715,
    "capacity": 11.93557357788086
  },
  "loss_weighting": {
    "loss_weight_mode": "manual",
    "lambda_physics_eff": 0.01
  },
  "early_stopping": {
    "patience": 10,
    "min_delta": 0.0001,
    "min_epochs": 15
  },
  "rollout_training": {
    "enabled": true,
    "weight": 1.0,
    "horizon_steps": 24,
    "batch_size": 128,
    "max_windows_per_episode": 0
  }
}