{
  "episode": "te_std_01",
  "n_cases": 4,
  "cases": [
    {
      "case": "bestest_hydronic",
      "episode": "te_std_01",
      "best_rc_variant": "rc_envelope_plus",
      "best_rc_metrics": {
        "comfort_Kh": 502.0715,
        "total_energy_Wh": 504654.44,
        "solve_ms": 3.075,
        "cost_tot": 0.543159236028235,
        "tdis_tot": 621.0465560674368
      },
      "best_rc_score": 1014.6211367602824,
      "pinn_metrics": {
        "comfort_Kh": 366.9121,
        "total_energy_Wh": 362916.95,
        "solve_ms": 551.821,
        "cost_tot": 0.4026648903488378,
        "tdis_tot": 486.86433108444857
      },
      "pinn_score": 741.4800184034884,
      "delta_cost_tot_pinn_minus_best_rc": -0.14049434567939723,
      "delta_comfort_Kh_pinn_minus_best_rc": -135.1594,
      "delta_energy_Wh_pinn_minus_best_rc": -141737.49,
      "delta_solve_ms_pinn_minus_best_rc": 548.746
    },
    {
      "case": "bestest_hydronic_heat_pump",
      "episode": "te_std_01",
      "best_rc_variant": "rc_base",
      "best_rc_metrics": {
        "comfort_Kh": 287.7476,
        "total_energy_Wh": 3981931.82,
        "solve_ms": 2.677,
        "cost_tot": 1.055464020346835,
        "tdis_tot": 272.3284240867716
      },
      "best_rc_score": 625.8691584034683,
      "pinn_metrics": {
        "comfort_Kh": 123.6086,
        "total_energy_Wh": 3058543.53,
        "solve_ms": 456.664,
        "cost_tot": 0.7396490170873966,
        "tdis_tot": 132.1982329931681
      },
      "pinn_score": 285.1991254708739,
      "delta_cost_tot_pinn_minus_best_rc": -0.31581500325943845,
      "delta_comfort_Kh_pinn_minus_best_rc": -164.13899999999998,
      "delta_energy_Wh_pinn_minus_best_rc": -923388.29,
      "delta_solve_ms_pinn_minus_best_rc": 453.98699999999997
    },
    {
      "case": "singlezone_commercial_hydronic",
      "episode": "te_std_01",
      "best_rc_variant": "rc_base",
      "best_rc_metrics": {
        "comfort_Kh": 154.18,
        "total_energy_Wh": 30877504.49,
        "solve_ms": 2.585,
        "cost_tot": 0.2883992620960544,
        "tdis_tot": 8.108153012364543
      },
      "best_rc_score": 620.0190375209606,
      "pinn_metrics": {
        "comfort_Kh": 26.738,
        "total_energy_Wh": 12421591.77,
        "solve_ms": 194.154,
        "cost_tot": 0.10886259997465228,
        "tdis_tot": 0.0
      },
      "pinn_score": 178.78054369974652,
      "delta_cost_tot_pinn_minus_best_rc": -0.1795366621214021,
      "delta_comfort_Kh_pinn_minus_best_rc": -127.44200000000001,
      "delta_energy_Wh_pinn_minus_best_rc": -18455912.72,
      "delta_solve_ms_pinn_minus_best_rc": 191.569
    },
    {
      "case": "twozone_apartment_hydronic",
      "episode": "te_std_01",
      "best_rc_variant": "rc_envelope_plus",
      "best_rc_metrics": {
        "comfort_Kh": 1011.8436,
        "total_energy_Wh": 633898.87,
        "solve_ms": 2.607,
        "cost_tot": 0.17824264367903897,
        "tdis_tot": 1755.0011798522585
      },
      "best_rc_score": 2031.8086151367906,
      "pinn_metrics": {
        "comfort_Kh": 282.7518,
        "total_energy_Wh": 253365.71,
        "solve_ms": 440.996,
        "cost_tot": 0.14559982090909995,
        "tdis_tot": 394.29131539963726
      },
      "pinn_score": 569.4932553090911,
      "delta_cost_tot_pinn_minus_best_rc": -0.03264282276993902,
      "delta_comfort_Kh_pinn_minus_best_rc": -729.0918,
      "delta_energy_Wh_pinn_minus_best_rc": -380533.16000000003,
      "delta_solve_ms_pinn_minus_best_rc": 438.38899999999995
    }
  ],
  "aggregate": {
    "mean_delta_cost_tot": -0.1671222084575442,
    "mean_delta_comfort_Kh": -288.95805,
    "mean_delta_energy_Wh": -4975392.915,
    "mean_delta_solve_ms": 408.17274999999995,
    "pinn_better_cases_by_score": 4,
    "best_rc_better_cases_by_score": 0
  }
}