{
  "best_epoch": 3,
  "best_val_loss": 0.00448927092095268,
  "validation": {
    "loss": 0.00448927092095268,
    "data_loss": 0.004430996100716681,
    "physics_loss": 0.005827484202700294,
    "rmse_degC": 0.07100674033020264,
    "mae_degC": 0.05696825760842791,
    "rollout_rmse_degC": 0.6671379667756777,
    "rollout_mae_degC": 0.4985287662411979
  },
  "test": {
    "loss": 0.00650990976856247,
    "data_loss": 0.006452826161947984,
    "physics_loss": 0.005708361388740703,
    "rmse_degC": 0.08568876290718881,
    "mae_degC": 0.06928309882628758,
    "rollout_rmse_degC": 1.1065069776493548,
    "rollout_mae_degC": 0.9015759516170133
  },
  "normalization": {
    "feature_mean": [
      22.321900140664734,
      6.333297029594082,
      85.67928468211802,
      21.49702070733292,
      -0.00046427041298956315,
      9.74711314905974e-05,
      -0.0014871220912646933,
      0.3418515942111093,
      0.275204790903163
    ],
    "feature_std": [
      1.0698451351621145,
      5.071422926220265,
      158.55574173551784,
      1.4364919962876375,
      2.0454908135581396,
      0.7076289791022059,
      0.7065826256723631,
      0.40365412241859705,
      0.8027846286855183
    ],
    "target_mean": 22.324417895950155,
    "target_std": 1.0667161621167756
  },
  "physics_parameters": {
    "ua": 0.2003496140241623,
    "solar_gain": 0.051253993064165115,
    "hvac_gain": 0.4843235909938812,
    "capacity": 11.997313499450684
  },
  "loss_weighting": {
    "loss_weight_mode": "manual",
    "lambda_physics_eff": 0.01
  }
}