{
  "best_epoch": 34,
  "best_val_loss": 0.04001488438883766,
  "validation": {
    "loss": 0.04001488438883766,
    "data_loss": 0.03987837380184146,
    "physics_loss": 0.013651054241484929,
    "rmse_degC": 0.09166129437303548,
    "mae_degC": 0.07281576858725171,
    "rollout_rmse_degC": 0.6271052122430244,
    "rollout_mae_degC": 0.5080772600503035
  },
  "test": {
    "loss": 0.037592410319519466,
    "data_loss": 0.03744407295921639,
    "physics_loss": 0.014833718958374166,
    "rmse_degC": 0.0888195991098369,
    "mae_degC": 0.07004911438837255,
    "rollout_rmse_degC": 0.8101004207935667,
    "rollout_mae_degC": 0.6794281757341937
  },
  "normalization": {
    "feature_mean": [
      21.781247773664994,
      3.327945826088763,
      29.67359170599436,
      21.548864494252953,
      -0.0006541832136148347,
      9.747113149059732e-05,
      -0.001487122091264684,
      0.4764365021022874,
      0.7911015464680248
    ],
    "feature_std": [
      0.46837456205114425,
      2.07104192567847,
      56.91284621583799,
      1.4499054366334212,
      2.048514885535112,
      0.7076289791022031,
      0.7065826256723486,
      0.3264478995458383,
      0.20149037575662213
    ],
    "target_mean": 21.784599142585446,
    "target_std": 0.4590048590366736
  },
  "physics_parameters": {
    "ua": 0.20006611943244934,
    "solar_gain": 0.05543189495801926,
    "hvac_gain": 0.4858539402484894,
    "capacity": 12.000718116760254
  }
}