{
  "best_epoch": 80,
  "best_val_loss": 0.007024447944420549,
  "validation": {
    "loss": 0.007024447944420549,
    "data_loss": 0.006915632534033762,
    "physics_loss": 0.010881534422263393,
    "rmse_degC": 0.08038232643415671,
    "mae_degC": 0.0659466955238945,
    "rollout_rmse_degC": 0.3411324107760628,
    "rollout_mae_degC": 0.28435706782927905
  },
  "test": {
    "loss": 0.005499928903761812,
    "data_loss": 0.0054084888015865865,
    "physics_loss": 0.009144008929493767,
    "rmse_degC": 0.07108575610039576,
    "mae_degC": 0.054597391279194996,
    "rollout_rmse_degC": 0.5364971247781307,
    "rollout_mae_degC": 0.4492554791404108
  },
  "normalization": {
    "feature_mean": [
      22.43968323228742,
      8.374695598402063,
      100.12524838549429,
      21.44058181273714,
      0.0005172040514095816,
      0.0,
      9.747113149059732e-05,
      -0.001487122091264684,
      0.09157966708058153,
      -0.04059693056052551
    ],
    "feature_std": [
      0.9693884699823359,
      5.409072607549318,
      156.57128145863868,
      1.4219362710122252,
      2.0111061790419766,
      1.0,
      0.7076289791022031,
      0.7065826256723486,
      0.6592123647774081,
      0.7452543941038193
    ],
    "target_mean": 22.441104192035592,
    "target_std": 0.966595195789056
  },
  "physics_parameters": {
    "ua": 0.1967289298772812,
    "solar_gain": 0.08658386766910553,
    "hvac_gain": 0.568788468837738,
    "capacity": 11.593792915344238
  },
  "loss_weighting": {
    "loss_weight_mode": "manual",
    "lambda_physics_eff": 0.01
  },
  "early_stopping": {
    "patience": 25,
    "min_delta": 1e-05,
    "min_epochs": 40
  },
  "rollout_training": {
    "enabled": false,
    "weight": 1.0,
    "horizon_steps": 24,
    "batch_size": 256,
    "max_windows_per_episode": 0
  }
}