{
  "train": {
    "n_samples": 20153
  },
  "validation": {
    "n_samples": 5758
  },
  "test": {
    "n_samples": 5758
  },
  "physics_parameters": {
    "ua": 6633.486328125,
    "solar_gain": 329.9891662597656,
    "hvac_power_max": 321515.0,
    "capacity": 537.3630981445312
  },
  "calibration": {
    "config": "C:\\Users\\AVoelser\\OneDrive - Scientific Network South Tyrol\\3_PhD\\Simulation\\PINN\\configs\\pinn_phase1_excited.yaml",
    "epochs": 100,
    "lr": 0.01
  },
  "results": {
    "validation": {
      "loss": 0.0017103075283072785,
      "data_loss": 0.0017103075283072785,
      "physics_loss": 0.0,
      "rmse_degC": 0.07406236786855136,
      "mae_degC": 0.055535186616527246,
      "mape_pct": 0.23738630464356933,
      "r2_score": 0.9950584620235811,
      "rollout_rmse_degC": 0.7552120640538129,
      "rollout_mae_degC": 0.6315990561973204
    },
    "test": {
      "loss": 0.0024552249255276036,
      "data_loss": 0.0024552249255276036,
      "physics_loss": 0.0,
      "rmse_degC": 0.08873728457928336,
      "mae_degC": 0.0629267786972719,
      "mape_pct": 0.2900941413286755,
      "r2_score": 0.9952764414986675,
      "rollout_rmse_degC": 1.0024761878143646,
      "rollout_mae_degC": 0.8427714623438178
    },
    "robustness_test": {
      "noise_5pct": {
        "noise_std_fraction": 0.05,
        "rmse_degC": 1.0740595783322127,
        "mae_degC": 0.8563615508110998,
        "mape_pct": 3.942193001805425,
        "r2_score": 0.3079877640278653,
        "physics_loss": 0.0
      },
      "noise_10pct": {
        "noise_std_fraction": 0.1,
        "rmse_degC": 2.1378315601157905,
        "mae_degC": 1.702327884788023,
        "mape_pct": 7.835251121080822,
        "r2_score": -1.7415994037484475,
        "physics_loss": 0.0
      }
    }
  }
}