{
  "validation": {
    "loss": 0.0017103075283072785,
    "data_loss": 0.0017103075283072785,
    "physics_loss": 0.0,
    "rmse_degC": 0.07406236786855136,
    "mae_degC": 0.055535186616527246,
    "mape_pct": 0.23738630464356933,
    "r2_score": 0.9950584620235811,
    "rollout_rmse_degC": 0.7552120640538129,
    "rollout_mae_degC": 0.6315990561973204
  },
  "test": {
    "loss": 0.0024552249255276036,
    "data_loss": 0.0024552249255276036,
    "physics_loss": 0.0,
    "rmse_degC": 0.08873728457928336,
    "mae_degC": 0.0629267786972719,
    "mape_pct": 0.2900941413286755,
    "r2_score": 0.9952764414986675,
    "rollout_rmse_degC": 1.0024761878143646,
    "rollout_mae_degC": 0.8427714623438178
  },
  "physics_parameters": {
    "ua": 6633.486328125,
    "solar_gain": 329.9891662597656,
    "hvac_power_max": 321515.0,
    "capacity": 537.3630981445312
  }
}