{
  "validation": {
    "loss": 0.0017371950167344968,
    "data_loss": 0.0017371950167344968,
    "physics_loss": 0.0,
    "rmse_degC": 0.07464225999666341,
    "mae_degC": 0.055917250609058354,
    "mape_pct": 0.23902777625533592,
    "r2_score": 0.9949807767589635,
    "rollout_rmse_degC": 0.8410018149434312,
    "rollout_mae_degC": 0.7105336880586369
  },
  "test": {
    "loss": 0.002112655465691032,
    "data_loss": 0.002112655465691032,
    "physics_loss": 0.0,
    "rmse_degC": 0.08231421280373845,
    "mae_degC": 0.05944305776348956,
    "mape_pct": 0.27353963335371895,
    "r2_score": 0.995935504124265,
    "rollout_rmse_degC": 0.9886630271461541,
    "rollout_mae_degC": 0.8329191804685655
  },
  "physics_parameters": {
    "ua": 0.1167740598320961,
    "solar_gain": 6.106541633605957,
    "hvac_gain": 2.5605521202087402,
    "capacity": 9.734004020690918
  }
}