{
  "best_epoch": 33,
  "best_val_loss": 0.0207406092052044,
  "validation": {
    "loss": 0.0207406092052044,
    "data_loss": 0.020586765744624834,
    "physics_loss": 0.015384402431425501,
    "rmse_degC": 0.23079361229272047,
    "mae_degC": 0.17836075852418265,
    "rollout_rmse_degC": 3.954900041461044,
    "rollout_mae_degC": 2.8678988255517783
  },
  "test": {
    "loss": 0.01910206563289611,
    "data_loss": 0.018971140520953444,
    "physics_loss": 0.01309246815587461,
    "rmse_degC": 0.22155239232237622,
    "mae_degC": 0.166212253409479,
    "rollout_rmse_degC": 14.114517922725497,
    "rollout_mae_degC": 12.52998344303821
  },
  "normalization": {
    "feature_mean": [
      19.076761831962468,
      0.0,
      0.0,
      21.465384020562503,
      -0.004855650843883348,
      9.747113149059732e-05,
      -0.001487122091264684,
      0.4764365021022874,
      0.7911015464680248
    ],
    "feature_std": [
      1.6087846366756922,
      1.0,
      1.0,
      1.4292315920510388,
      2.036961485049513,
      0.7076289791022031,
      0.7065826256723486,
      0.3264478995458383,
      0.20149037575662213
    ],
    "target_mean": 19.07731293642396,
    "target_std": 1.6085320472393105
  },
  "physics_parameters": {
    "ua": 0.20001287758350372,
    "solar_gain": 0.0625070109963417,
    "hvac_gain": 0.4788244068622589,
    "capacity": 11.938272476196289
  },
  "loss_weighting": {
    "loss_weight_mode": "manual",
    "lambda_physics_eff": 0.01
  },
  "early_stopping": {
    "patience": 10,
    "min_delta": 0.0001,
    "min_epochs": 15
  },
  "rollout_training": {
    "enabled": false,
    "weight": 1.0,
    "horizon_steps": 24,
    "batch_size": 256,
    "max_windows_per_episode": 0
  }
}