{
  "best_epoch": 79,
  "best_val_loss": 0.010168082619310757,
  "validation": {
    "loss": 0.010168082619310757,
    "data_loss": 0.007829902153712005,
    "physics_loss": 0.2338180607726073,
    "rmse_degC": 0.33670844469435696,
    "mae_degC": 0.2712517410028176,
    "rollout_rmse_degC": 1.2835622958909634,
    "rollout_mae_degC": 1.013831659192328
  },
  "test": {
    "loss": 0.010990341816243697,
    "data_loss": 0.008829572377749569,
    "physics_loss": 0.21607694300738248,
    "rmse_degC": 0.35755732940091217,
    "mae_degC": 0.2946585718222181,
    "rollout_rmse_degC": 2.1678260200819204,
    "rollout_mae_degC": 1.7200738854422322
  },
  "normalization": {
    "feature_mean": [
      24.69120129961935,
      7.999187340476557,
      112.12673296290208,
      21.50918262707273,
      -0.002379880991701219,
      0.0,
      9.747113149059732e-05,
      -0.001487122091264684,
      0.09157966708058153,
      -0.04059693056052551
    ],
    "feature_std": [
      3.810710493697798,
      7.831747806857819,
      176.85642542904068,
      1.4301925743336255,
      2.0311342518541706,
      1.0,
      0.7076289791022031,
      0.7065826256723486,
      0.6592123647774081,
      0.7452543941038193
    ],
    "target_mean": 24.687846449433188,
    "target_std": 3.805185642539709
  },
  "physics_parameters": {
    "ua": 0.1853359341621399,
    "solar_gain": 0.08699005097150803,
    "hvac_gain": 0.6530668139457703,
    "capacity": 11.413069725036621
  },
  "loss_weighting": {
    "loss_weight_mode": "manual",
    "lambda_physics_eff": 0.01
  },
  "early_stopping": {
    "patience": 25,
    "min_delta": 1e-05,
    "min_epochs": 40
  },
  "rollout_training": {
    "enabled": false,
    "weight": 1.0,
    "horizon_steps": 24,
    "batch_size": 256,
    "max_windows_per_episode": 0
  }
}