{
  "best_epoch": 2,
  "best_val_loss": 0.15689306529641328,
  "validation": {
    "loss": 0.15689306529641328,
    "data_loss": 0.15492127491535976,
    "physics_loss": 0.19717889491207732,
    "rmse_degC": 0.41986459793942166,
    "mae_degC": 0.332916231340161,
    "rollout_rmse_degC": 0.8758819987039181,
    "rollout_mae_degC": 0.7010856663354218
  },
  "test": {
    "loss": 0.3152259327230676,
    "data_loss": 0.3120052477819554,
    "physics_loss": 0.3220683423755066,
    "rmse_degC": 0.5958469001847396,
    "mae_degC": 0.49510244131680453,
    "rollout_rmse_degC": 2.7406006529768017,
    "rollout_mae_degC": 2.244318601595
  },
  "normalization": {
    "feature_mean": [
      22.109682718666775,
      3.540007313572885,
      38.39372760095099,
      21.52203775978195,
      -0.00011102102281226645,
      9.747113149059732e-05,
      -0.001487122091264684,
      0.4764365021022874,
      0.7911015464680248
    ],
    "feature_std": [
      1.0688250521354168,
      3.188271546230286,
      75.9097739355409,
      1.4426070918360283,
      2.018748478250586,
      0.7076289791022031,
      0.7065826256723486,
      0.3264478995458383,
      0.20149037575662213
    ],
    "target_mean": 22.111120159151408,
    "target_std": 1.0667281187038122
  },
  "physics_parameters": {
    "ua": 0.2005067765712738,
    "solar_gain": 0.049154091626405716,
    "hvac_gain": 0.47849857807159424,
    "capacity": 12.004209518432617
  },
  "loss_weighting": {
    "loss_weight_mode": "manual",
    "lambda_physics_eff": 0.01
  }
}