{
  "best_epoch": 143,
  "best_val_loss": -6.416616412815145,
  "validation": {
    "loss": 0.004615932962567103,
    "data_loss": 0.0046157737952364185,
    "physics_loss": 1.5923089213120316e-07,
    "rmse_degC": 0.07247214923110776,
    "mae_degC": 0.05403081350994537,
    "rollout_rmse_degC": 0.33147391383199365,
    "rollout_mae_degC": 0.27068425737854834
  },
  "test": {
    "loss": 0.006869219215767217,
    "data_loss": 0.0068689875815469,
    "physics_loss": 2.317001760912892e-07,
    "rmse_degC": 0.08840875074881063,
    "mae_degC": 0.07177107664582981,
    "rollout_rmse_degC": 0.3363588065504824,
    "rollout_mae_degC": 0.2691749487500665
  },
  "normalization": {
    "feature_mean": [
      22.321900140664734,
      6.333297029594082,
      85.67928468211802,
      21.49702070733292,
      -0.00046427041298956315,
      9.74711314905974e-05,
      -0.0014871220912646933,
      0.3418515942111093,
      0.275204790903163
    ],
    "feature_std": [
      1.0698451351621145,
      5.071422926220265,
      158.55574173551784,
      1.4364919962876375,
      2.0454908135581396,
      0.7076289791022059,
      0.7065826256723631,
      0.40365412241859705,
      0.8027846286855183
    ],
    "target_mean": 22.324417895950155,
    "target_std": 1.0667161621167756
  },
  "physics_parameters": {
    "ua": 0.08982819318771362,
    "solar_gain": 3.701223611831665,
    "hvac_gain": 3.2487499713897705,
    "capacity": 8.557127952575684
  },
  "loss_weighting": {
    "loss_weight_mode": "uncertainty",
    "log_sigma_data": -2.201148748397827,
    "log_sigma_physics": -4.58953857421875,
    "weight_data": 81.63821411132812,
    "weight_physics": 9692.2041015625
  }
}