{
  "best_epoch": 1,
  "best_val_loss": 0.1665332843954543,
  "validation": {
    "loss": 0.04938799206128597,
    "data_loss": 0.04868031982138153,
    "physics_loss": 0.07076723549387316,
    "rmse_degC": 0.2353561773071983,
    "mae_degC": 0.19190772421846802,
    "rollout_rmse_degC": 0.5095379191456888,
    "rollout_mae_degC": 0.38620862745788453
  },
  "test": {
    "loss": 0.059725692098746536,
    "data_loss": 0.058796692900526186,
    "physics_loss": 0.09289995865166276,
    "rmse_degC": 0.25865765906340693,
    "mae_degC": 0.21336445616538763,
    "rollout_rmse_degC": 0.6029890310913256,
    "rollout_mae_degC": 0.47755142756334285
  },
  "normalization": {
    "feature_mean": [
      22.321900140664734,
      6.333297029594082,
      85.67928468211802,
      21.49702070733292,
      -0.00046427041298956315,
      0.0,
      9.74711314905974e-05,
      -0.0014871220912646933,
      0.3418515942111093,
      0.275204790903163
    ],
    "feature_std": [
      1.0698451351621145,
      5.071422926220265,
      158.55574173551784,
      1.4364919962876375,
      2.0454908135581396,
      1.0,
      0.7076289791022059,
      0.7065826256723631,
      0.40365412241859705,
      0.8027846286855183
    ],
    "target_mean": 22.324417895950155,
    "target_std": 1.0667161621167756
  },
  "physics_parameters": {
    "ua": 0.20106518268585205,
    "solar_gain": 0.051386937499046326,
    "hvac_gain": 0.48080793023109436,
    "capacity": 11.986760139465332
  },
  "loss_weighting": {
    "loss_weight_mode": "manual",
    "lambda_physics_eff": 0.01
  },
  "early_stopping": {
    "patience": 1,
    "min_delta": 0.0,
    "min_epochs": 1
  },
  "rollout_training": {
    "enabled": true,
    "weight": 1.0,
    "horizon_steps": 24,
    "batch_size": 128,
    "max_windows_per_episode": 0
  }
}