idx,comfort_w,energy_w,smooth_w,solver_maxiter,comfort_mean,energy_mean,solve_mean_ms,norm_score
1.0,102.78853596915768,0.0008300129062672004,0.1687573295922798,87.0,0.39894999999999997,9463381.540000001,107.1245,1.0400384342156452
