{
  "episode_id": "te_std_01",
  "predictor_label": "rbc",
  "case_name": "singlezone_commercial_hydronic",
  "attempt_index": 1,
  "max_attempts": 2,
  "start_time_s": 9676800,
  "warmup_period_s": 604800,
  "control_interval_s": 900,
  "n_steps": 672,
  "updated_at_unix_s": 1775115812.5000005,
  "state": "step_completed",
  "step_index": 672,
  "sim_time_s": 10280700,
  "waited_on_advance_s": 0,
  "t_zone_degC": 20.994105622137226,
  "u_opt_degC": 21.0,
  "solve_info": {
    "solve_time_ms": 0.0,
    "n_iter": 0,
    "success": true,
    "obj_val": 0.0,
    "controller_mode": "rbc_deadband",
    "occupied": false,
    "t_lower": 15.0,
    "t_upper": 30.0
  },
  "advance_wall_s": 0.027960600098595023,
  "latest_payload": {
    "time": 10281600,
    "ahu_reaFloExtAir_y": 5.216120876275331,
    "ahu_reaFloSupAir_y": 5.216120876275253,
    "ahu_reaPFanExt_y": 268.1672530134433,
    "ahu_reaPFanSup_y": 515.920362256459,
    "ahu_reaTCoiSup_y": 302.7156812631775,
    "ahu_reaTHeaRec_y": 293.1500028480519,
    "ahu_reaTRetAir_y": 294.14422745279177,
    "ahu_reaTSupAir_y": 293.1500033919792,
    "dh_reaTRetHyd_y": 296.2964716168216,
    "dh_reaTSupHyd_y": 312.4822776642999,
    "reaCO2Zon_y": 431.03870544268403,
    "reaPPum_y": 157.08730849130532,
    "reaQHea_y": 70004.21519981015,
    "reaTCoiRet_y": 302.7025901749081,
    "reaTZon_y": 294.1442299204439,
    "weaSta_reaWeaCeiHei_y": 1200,
    "weaSta_reaWeaCloTim_y": 10281600,
    "weaSta_reaWeaHDifHor_y": 0,
    "weaSta_reaWeaHDirNor_y": 0,
    "weaSta_reaWeaHGloHor_y": 0,
    "weaSta_reaWeaHHorIR_y": 285,
    "weaSta_reaWeaLat_y": 0.9709266628844456,
    "weaSta_reaWeaLon_y": 0.22113321622768156,
    "weaSta_reaWeaNOpa_y": 0.7000000000000001,
    "weaSta_reaWeaNTot_y": 1,
    "weaSta_reaWeaPAtm_y": 101325,
    "weaSta_reaWeaRelHum_y": 0.92,
    "weaSta_reaWeaSolAlt_y": -0.3569587471998945,
    "weaSta_reaWeaSolDec_y": 0.2426742553956706,
    "weaSta_reaWeaSolHouAng_y": 744.5290105258399,
    "weaSta_reaWeaSolTim_y": 10281208.806763649,
    "weaSta_reaWeaSolZen_y": 1.927755073994791,
    "weaSta_reaWeaTBlaSky_y": 266.2533825938823,
    "weaSta_reaWeaTDewPoi_y": 275.45,
    "weaSta_reaWeaTDryBul_y": 276.65,
    "weaSta_reaWeaTWetBul_y": 276.1259425853546,
    "weaSta_reaWeaWinDir_y": 1.9198621771937625,
    "weaSta_reaWeaWinSpe_y": 3.8,
    "ahu_oveFanRet_activate": 0,
    "ahu_oveFanRet_u": 0.22412882038961301,
    "ahu_oveFanSup_activate": 0,
    "ahu_oveFanSup_u": 0.3,
    "dh_oveTSupSetHea_activate": 0,
    "dh_oveTSupSetHea_u": 312.4833333333333,
    "oveCO2ZonSet_activate": 0,
    "oveCO2ZonSet_u": 970,
    "ovePum_activate": 0,
    "ovePum_u": 50000,
    "oveTSupSetAir_activate": 0,
    "oveTSupSetAir_u": 293.15,
    "oveTZonSet_activate": 1,
    "oveTZonSet_u": 294.15,
    "oveValCoi_activate": 0,
    "oveValCoi_u": 0.0005618934912051717,
    "oveValRad_activate": 0,
    "oveValRad_u": 0.08385500270804062
  }
}