{
  "best_epoch": 44,
  "best_val_loss": 0.0003844721163584866,
  "validation": {
    "loss": 0.0003844721163584866,
    "data_loss": 0.00032630489693070454,
    "physics_loss": 0.005816721553801824,
    "rmse_degC": 0.07346609023095263,
    "mae_degC": 0.055774901911682946,
    "rollout_rmse_degC": 1.405947687986862,
    "rollout_mae_degC": 1.0904290587376562
  },
  "test": {
    "loss": 0.00025214461538125473,
    "data_loss": 0.00020804980148813907,
    "physics_loss": 0.004409481898751489,
    "rmse_degC": 0.05866226215845093,
    "mae_degC": 0.043038435972453465,
    "rollout_rmse_degC": 3.0934445601282166,
    "rollout_mae_degC": 2.3942915149535744
  },
  "normalization": {
    "feature_mean": [
      22.103781553942735,
      12.160647458188427,
      151.8358807220659,
      21.512705908786536,
      0.0013543754532699798,
      0.0,
      9.747113149059732e-05,
      -0.001487122091264684,
      0.09157966708058153,
      -0.04059693056052551
    ],
    "feature_std": [
      4.062413833770725,
      9.241731793214482,
      232.35350323934807,
      1.4260964509690361,
      2.035697702645027,
      1.0,
      0.7076289791022031,
      0.7065826256723486,
      0.6592123647774081,
      0.7452543941038193
    ],
    "target_mean": 22.10189398887957,
    "target_std": 4.067008889437148
  },
  "physics_parameters": {
    "ua": 0.1947837471961975,
    "solar_gain": 0.06780599802732468,
    "hvac_gain": 0.4783778488636017,
    "capacity": 11.64926528930664
  },
  "loss_weighting": {
    "loss_weight_mode": "manual",
    "lambda_physics_eff": 0.01
  },
  "early_stopping": {
    "patience": 25,
    "min_delta": 1e-05,
    "min_epochs": 40
  },
  "rollout_training": {
    "enabled": false,
    "weight": 1.0,
    "horizon_steps": 24,
    "batch_size": 256,
    "max_windows_per_episode": 0
  }
}