{
  "best_epoch": 25,
  "best_val_loss": 0.0016633704425794823,
  "validation": {
    "loss": 0.0016633704425794823,
    "data_loss": 0.0015659485112573125,
    "physics_loss": 0.009742196066368888,
    "rmse_degC": 0.07582227148374746,
    "mae_degC": 0.056721586406497417,
    "rollout_rmse_degC": 10.934292667742637,
    "rollout_mae_degC": 9.011559896294026
  },
  "test": {
    "loss": 0.00596177267762881,
    "data_loss": 0.005717559875129277,
    "physics_loss": 0.024421270537919745,
    "rmse_degC": 0.14488166825388551,
    "mae_degC": 0.12094406150670059,
    "rollout_rmse_degC": 17.139369134175965,
    "rollout_mae_degC": 15.337940391203254
  },
  "normalization": {
    "feature_mean": [
      18.746589228957678,
      3.970289990064588,
      70.32405789521125,
      21.472058470644274,
      0.0003566477971701,
      9.747113149059732e-05,
      -0.001487122091264684,
      0.4764365021022874,
      0.7911015464680248
    ],
    "feature_std": [
      1.9117905214716435,
      3.6937550653508953,
      130.68930219745604,
      1.451267950981822,
      2.043451264707849,
      0.7076289791022031,
      0.7065826256723486,
      0.3264478995458383,
      0.20149037575662213
    ],
    "target_mean": 18.7431213730369,
    "target_std": 1.9160554531476464
  },
  "physics_parameters": {
    "ua": 0.20018360018730164,
    "solar_gain": 0.05817894637584686,
    "hvac_gain": 0.476732462644577,
    "capacity": 11.911405563354492
  }
}