episode,pinn_cost_tot,pinn_idis_tot,pinn_pdih_tot,pinn_pele_tot,pinn_tdis_tot,pinn_solve_ms,rc_cost_tot,rc_idis_tot,rc_pdih_tot,rc_pele_tot,rc_tdis_tot,rc_solve_ms
te_std_01,0.075954,0.062136,0.018874,0.006144,0.0,23.84,0.105087,0.062148,0.018874,0.006155,0.0,2.34
te_std_02,0.141854,0.036033,0.023699,0.003913,0.0,23.543,0.196017,0.036036,0.023699,0.003926,0.0,2.033
te_ext_01,0.157263,0.0,0.02363,0.000293,0.0,24.661,0.212522,0.0,0.02363,0.000304,0.0,2.425
te_ext_02,0.157336,0.0,0.02363,0.000293,0.0,24.282,0.212602,0.0,0.02363,0.000304,0.0,2.353
AVERAGE,0.133102,0.024542,0.022458,0.002661,0.0,24.0815,0.181557,0.024546,0.022458,0.002672,0.0,2.28775
PINN_minus_RC,-0.048455,-4e-06,0.0,-1.2e-05,0.0,21.79375,,,,,,
