case_id,best_epoch,first_epoch,first_train_loss,first_val_loss,first_train_rmse_degC,first_val_rmse_degC,best_train_loss,best_val_loss,best_train_rmse_degC,best_val_rmse_degC,val_loss_improvement_pct,val_rmse_improvement_pct,final_test_rmse_degC,final_test_loss
bestest_hydronic,79,1,0.02193543214075197,0.018324145394892345,0.5534329789480283,0.503779705809373,0.005464082148890263,0.010168082619310757,0.2293924380748658,0.33670844469435696,44.50992174431775,33.16355525806646,0.35755732940091217,0.010990341816243697
bestest_hydronic_heat_pump,47,1,0.007053421391104799,0.001825997469726056,0.22883025383452046,0.11752425495680711,0.00017956952074352027,0.00031064230193635214,0.032407961802801054,0.04641486696160409,82.98780216913686,60.50613809152619,0.04353438776672246,0.00029762162827475804
singlezone_commercial_hydronic,80,1,0.05450908335317176,0.024060199467462507,0.2245808626807452,0.14965482610469982,0.004420651425040751,0.007024447944420549,0.06368870904115617,0.08038232643415671,70.80469780011605,46.28818292975027,0.07108575610039576,0.005499928903761812
twozone_apartment_hydronic,44,1,0.003549391826544414,0.0011044283829151963,0.22430052478512652,0.12872400804572687,0.00020815112898232656,0.0003844721163584866,0.05038039112270972,0.07346609023095263,65.18813511984794,42.92743727739185,0.05866226215845093,0.00025214461538125473
