{
  "best_epoch": 47,
  "best_val_loss": 0.036338520693209905,
  "validation": {
    "loss": 0.01191180448107499,
    "data_loss": 0.01169358291864484,
    "physics_loss": 0.021822160345831145,
    "rmse_degC": 0.11535135260268665,
    "mae_degC": 0.08618372634341927,
    "rollout_rmse_degC": 0.21393373758770545,
    "rollout_mae_degC": 0.16680035433683071
  },
  "test": {
    "loss": 0.01800454149769422,
    "data_loss": 0.01766984434534647,
    "physics_loss": 0.033469715706682064,
    "rmse_degC": 0.14179641571269702,
    "mae_degC": 0.11530515369466449,
    "rollout_rmse_degC": 0.29454639558474666,
    "rollout_mae_degC": 0.22821142305445336
  },
  "normalization": {
    "feature_mean": [
      22.321900140664734,
      6.333297029594082,
      85.67928468211802,
      21.49702070733292,
      -0.00046427041298956315,
      0.0,
      9.74711314905974e-05,
      -0.0014871220912646933,
      0.3418515942111093,
      0.275204790903163
    ],
    "feature_std": [
      1.0698451351621145,
      5.071422926220265,
      158.55574173551784,
      1.4364919962876375,
      2.0454908135581396,
      1.0,
      0.7076289791022059,
      0.7065826256723631,
      0.40365412241859705,
      0.8027846286855183
    ],
    "target_mean": 22.324417895950155,
    "target_std": 1.0667161621167756
  },
  "physics_parameters": {
    "ua": 0.19806303083896637,
    "solar_gain": 0.1010071337223053,
    "hvac_gain": 0.6177452802658081,
    "capacity": 11.782390594482422
  },
  "loss_weighting": {
    "loss_weight_mode": "manual",
    "lambda_physics_eff": 0.01
  },
  "early_stopping": {
    "patience": 10,
    "min_delta": 0.0001,
    "min_epochs": 15
  },
  "rollout_training": {
    "enabled": true,
    "weight": 1.0,
    "horizon_steps": 24,
    "batch_size": 128,
    "max_windows_per_episode": 0
  }
}