{
  "best_epoch": 90,
  "best_val_loss": 0.003250573033081082,
  "validation": {
    "loss": 0.003250573033081082,
    "data_loss": 0.0031944705012369617,
    "physics_loss": 0.005610253711837592,
    "rmse_degC": 0.06029042331516745,
    "mae_degC": 0.044314244465039135,
    "rollout_rmse_degC": 0.35094366026338114,
    "rollout_mae_degC": 0.29531552016999035
  },
  "test": {
    "loss": 0.0052273971279847104,
    "data_loss": 0.005144604167383269,
    "physics_loss": 0.008279300490519151,
    "rmse_degC": 0.07651117537303402,
    "mae_degC": 0.06135580116874592,
    "rollout_rmse_degC": 0.4006966366560263,
    "rollout_mae_degC": 0.3383789492561958
  },
  "normalization": {
    "feature_mean": [
      22.321900140664734,
      6.333297029594082,
      85.67928468211802,
      21.49702070733292,
      -0.00046427041298956315,
      9.74711314905974e-05,
      -0.0014871220912646933,
      0.3418515942111093,
      0.275204790903163
    ],
    "feature_std": [
      1.0698451351621145,
      5.071422926220265,
      158.55574173551784,
      1.4364919962876375,
      2.0454908135581396,
      0.7076289791022059,
      0.7065826256723631,
      0.40365412241859705,
      0.8027846286855183
    ],
    "target_mean": 22.324417895950155,
    "target_std": 1.0667161621167756
  },
  "physics_parameters": {
    "ua": 0.1849438101053238,
    "solar_gain": 0.3470318615436554,
    "hvac_gain": 0.7672213912010193,
    "capacity": 10.737802505493164
  }
}