idx,comfort_w,energy_w,smooth_w,solver_maxiter,comfort_mean,energy_mean,solve_mean_ms,norm_score
1.0,102.78853596915768,0.0008300129062672004,0.1687573295922798,87.0,0.39894999999999997,9463381.540000001,101.07,1.0326237923032322
5.0,104.02649947180473,0.0013034237851539906,0.21230226157096338,88.0,0.4033,9468634.595,72.8335,1.0048539947991841
8.0,92.04420553039698,0.001255912760764805,0.18974484512115708,91.0,0.42035,9462694.81,59.394000000000005,1.0142477837803583
4.0,94.65321786781479,0.0015224224748599765,0.24031126573465322,100.0,0.42795,9458480.05,83.1105,1.054766269124703
6.0,106.18860913355653,0.0008077985116136733,0.301454812958202,93.0,0.4351,9458881.07,73.0685,1.0534012278386156
9.0,102.07452062733782,0.0017685539279292564,0.2824329466734544,97.0,0.43835,9458427.74,63.609500000000004,1.0467666438095886
2.0,92.79075857050287,0.000922994211405809,0.2851669361669189,97.0,0.4495,9456146.645,125.8695,1.1399705373044917
7.0,96.80501033035983,0.000986575399774138,0.3393032680516953,90.0,0.45999999999999996,9455580.85,57.660000000000004,1.0724565370207078
