{
  "best_epoch": 75,
  "best_val_loss": 0.019758243097100635,
  "validation": {
    "loss": 0.019758243097100635,
    "data_loss": 0.019485365330129196,
    "physics_loss": 0.027287770190377526,
    "rmse_degC": 0.22453498554110057,
    "mae_degC": 0.16981812205648636,
    "rollout_rmse_degC": 3.119297562763089,
    "rollout_mae_degC": 2.448625406143021
  },
  "test": {
    "loss": 0.01714927144533683,
    "data_loss": 0.01698380857252669,
    "physics_loss": 0.016546267395218212,
    "rmse_degC": 0.2096270224523162,
    "mae_degC": 0.15784889302677738,
    "rollout_rmse_degC": 14.57406892530019,
    "rollout_mae_degC": 12.795277194598153
  },
  "normalization": {
    "feature_mean": [
      19.076761831962468,
      0.0,
      0.0,
      21.465384020562503,
      -0.004855650843883348,
      9.747113149059732e-05,
      -0.001487122091264684,
      0.4764365021022874,
      0.7911015464680248
    ],
    "feature_std": [
      1.6087846366756922,
      1.0,
      1.0,
      1.4292315920510388,
      2.036961485049513,
      0.7076289791022031,
      0.7065826256723486,
      0.3264478995458383,
      0.20149037575662213
    ],
    "target_mean": 19.07731293642396,
    "target_std": 1.6085320472393105
  },
  "physics_parameters": {
    "ua": 0.19886581599712372,
    "solar_gain": 0.08457089960575104,
    "hvac_gain": 0.48326408863067627,
    "capacity": 11.78609848022461
  }
}