{
  "best_epoch": 148,
  "best_val_loss": 0.004258333097438254,
  "validation": {
    "loss": 0.003814863743352108,
    "data_loss": 0.003813548221762241,
    "physics_loss": 0.00026310107495667673,
    "rmse_degC": 0.06587391907695017,
    "mae_degC": 0.04920593779062194,
    "rollout_rmse_degC": 0.3121791754767393,
    "rollout_mae_degC": 0.2533683096191145
  },
  "test": {
    "loss": 0.0057495265703609464,
    "data_loss": 0.005747860722971078,
    "physics_loss": 0.00033317020053811507,
    "rmse_degC": 0.08087271141359113,
    "mae_degC": 0.06533750087777833,
    "rollout_rmse_degC": 0.31413002656969885,
    "rollout_mae_degC": 0.2574634526321491
  },
  "normalization": {
    "feature_mean": [
      22.321900140664734,
      6.333297029594082,
      85.67928468211802,
      21.49702070733292,
      -0.00046427041298956315,
      9.74711314905974e-05,
      -0.0014871220912646933,
      0.3418515942111093,
      0.275204790903163
    ],
    "feature_std": [
      1.0698451351621145,
      5.071422926220265,
      158.55574173551784,
      1.4364919962876375,
      2.0454908135581396,
      0.7076289791022059,
      0.7065826256723631,
      0.40365412241859705,
      0.8027846286855183
    ],
    "target_mean": 22.324417895950155,
    "target_std": 1.0667161621167756
  },
  "physics_parameters": {
    "ua": 0.07408184558153152,
    "solar_gain": 1.8799289464950562,
    "hvac_gain": 3.0044169425964355,
    "capacity": 8.956984519958496
  },
  "loss_weighting": {
    "loss_weight_mode": "gradient_balance",
    "lambda_physics_eff": 1.4540551487279307
  }
}